id,origem,tipo,localizacao,area,quartos,banheiros,vagas,condo,preco,preco_m2,timestamp_extracao
4041aabd-8143-4b24-a8a0-ffd4b2fcf64f,Lopes,Apartamento,Meireles,253,5,6,5,0.0,4194400.0,16578.66,2025-04-22 14:55:02.480943
564dace7-cae6-4311-8f41-f800cdeeaee8,Lopes,Apartamento,Mucuripe,333,4,5,4,3000.0,3200000.0,9609.61,2025-04-22 14:55:02.480943
3cc1413a-fc9a-44e8-becf-08aa074cc052,Lopes,Apartamento,Meireles,66,2,2,1,0.0,1990000.0,30151.52,2025-04-22 14:55:02.480943
5a099845-1c67-4108-8777-7ff2e6cc61c0,Lopes,Apartamento,Engenheiro Luciano Cavalcante,44,1,1,1,577.0,450000.0,10227.27,2025-04-22 14:55:02.480943
853935ee-0e38-47a5-858c-6aa6308a14e6,Lopes,Apartamento,Passaré,63,3,2,2,436.0,420000.0,6666.67,2025-04-22 14:55:02.480943
40eb6ee8-5eb9-4ee0-965e-03cbc00d7fc0,Lopes,Apartamento,Patriolino Ribeiro,169,3,4,3,1650.0,860000.0,5088.76,2025-04-22 14:55:02.480943
b169f26b-8871-47e6-beac-f3817c59964d,Lopes,Apartamento,Cocó,138,4,4,3,1360.0,859000.0,6224.64,2025-04-22 14:55:02.480943
ef6e0f91-210d-4586-ba35-d737851daf24,Lopes,Apartamento,Aldeota,106,2,4,2,1438.0,1145000.0,10801.89,2025-04-22 14:55:02.480943
44531be1-1b97-4b05-a2f4-4a3208fd9a7d,Lopes,Apartamento,de Lourdes,126,3,5,2,1236.0,720000.0,5714.29,2025-04-22 14:55:02.480943
963687f6-e69b-46cd-b292-2be814abb9b9,Lopes,Apartamento,Meireles,82,2,2,2,930.0,1970000.0,24024.39,2025-04-22 14:55:02.480943
0931bfdb-3ea5-4083-91ba-603a5c8860d0,Lopes,Apartamento,Meireles,460,5,7,5,3100.0,2500000.0,5434.78,2025-04-22 14:55:02.480943
ece08aa9-eb0d-47d7-90be-03df2444045d,Lopes,Apartamento,Aldeota,98,4,3,2,875.0,940000.0,9591.84,2025-04-22 14:55:02.480943
ed9e0e20-7ea9-4163-b6e3-75d59a916ca6,Lopes,Apartamento,Vicente Pinzon,75,3,2,1,0.0,420000.0,5600.0,2025-04-22 14:55:02.480943
318da188-1cac-46ac-89d7-8bc59a4ae1bc,Lopes,Apartamento,Meireles,227,3,5,2,2000.0,1199000.0,5281.94,2025-04-22 14:55:02.480943
04367823-0a93-4f88-a967-dd138c5acb20,Lopes,Apartamento,Engenheiro Luciano Cavalcante,118,3,3,2,950.0,1180000.0,10000.0,2025-04-22 14:55:02.480943
f9261d76-46e9-4071-abed-ae7fd82db118,Lopes,Apartamento,Meireles,243,3,4,2,2934.0,1300000.0,5349.79,2025-04-22 14:55:02.480943
f8c4f179-147f-4dfd-b4c2-05c9dc457320,Lopes,Apartamento,Salinas,109,3,3,2,850.0,1050000.0,9633.03,2025-04-22 14:55:02.480943
a9ca1014-7e39-4cdf-a80b-990ee3974ba7,Lopes,Apartamento,Cocó,80,3,3,2,1287.0,850000.0,10625.0,2025-04-22 14:55:02.480943
0545518d-7cb9-4a73-8bf1-a5534d1bc261,Lopes,Apartamento,Meireles,128,3,4,3,1442.0,1090000.0,8515.63,2025-04-22 14:55:02.480943
1b9119c3-b927-4f27-b4c4-71c09641c78d,Lopes,Apartamento,Aldeota,212,4,5,2,1480.0,700000.0,3301.89,2025-04-22 14:55:02.480943
38946cbf-eb05-463c-bec3-48565617a93e,Lopes,Apartamento,Cocó,131,3,5,3,0.0,1490000.0,11374.05,2025-04-22 14:55:02.480943
0464190f-eb73-4092-9e81-44e9ed57d2d7,Lopes,Apartamento,de Lourdes,88,2,3,2,740.0,900000.0,10227.27,2025-04-22 14:55:02.480943
1e15a444-b174-42ca-94a7-8226c9d9f466,Lopes,Apartamento,Meireles,354,5,6,4,2500.0,3700000.0,10451.98,2025-04-22 14:55:02.480943
578e1b50-d5d5-4213-b4c3-60f68752a502,Lopes,Apartamento,Meireles,305,4,5,4,3300.0,1999000.0,6554.1,2025-04-22 14:55:02.480943
04cd268f-b64a-4dc9-aa8a-9e1a06e55953,Lopes,Apartamento,Meireles,189,3,4,3,2800.0,1600000.0,8465.61,2025-04-22 14:55:02.480943
b7a45960-c5e9-4558-8a1c-b95dab238177,Lopes,Apartamento,Presidente Kennedy,87,3,3,4,3165.0,750000.0,8620.69,2025-04-22 14:55:02.480943
2817626b-59de-44de-9b77-49b8a276cee7,Lopes,Cobertura,Dionisio Torres,458,4,5,3,2600.0,2100000.0,4585.15,2025-04-22 14:55:02.480943
8a897063-c809-4b71-8ba7-0bb4afc583dc,Lopes,Apartamento,Meireles,310,4,6,5,4100.0,3500000.0,11290.32,2025-04-22 14:55:02.480943
3864a0d6-f1e7-432d-baea-edd6dc7d8048,Lopes,Apartamento,Meireles,225,3,5,4,2500.0,2800000.0,12444.44,2025-04-22 14:55:02.480943
d4c81c0e-c002-4270-943f-e71c42a2a9e4,Lopes,Apartamento,Fátima,130,3,5,3,1501.0,1450000.0,11153.85,2025-04-22 14:55:02.480943
2303aae5-92e2-440a-a1ec-6a1b362926a1,Lopes,Apartamento,Meireles,325,4,6,5,7500.0,4700000.0,14461.54,2025-04-22 14:55:02.480943
9b9242a7-adf8-44d9-8d38-b151b175f825,Lopes,Apartamento,Parquelândia,109,3,3,2,1100.0,460000.0,4220.18,2025-04-22 14:55:02.480943
819d83ca-d75c-4f20-8e1f-b2f4ef1180e2,Lopes,Casa,Engenheiro Luciano Cavalcante,526,6,4,6,0.0,1600000.0,3041.83,2025-04-22 14:55:02.480943
d19ca905-e65f-448c-b14b-771535d38669,Lopes,Apartamento,Benfica,68,3,2,2,737.0,690000.0,10147.06,2025-04-22 14:55:02.480943
e7d45207-09c4-4920-8c93-a8ca1eef2ab0,Lopes,Apartamento,Meireles,65,2,1,0,0.0,910000.0,14000.0,2025-04-22 14:55:02.480943
b222a259-de08-4a50-a38e-27e1bc204284,Lopes,Condomínio,José de Alencar,241,4,5,4,1800.0,1190000.0,4937.76,2025-04-22 14:55:02.480943
b03f103c-6e26-4413-91fb-0a5f21a9c0a5,Lopes,Condomínio,Sabiaguaba,148,4,5,3,1050.0,799000.0,5398.65,2025-04-22 14:55:02.480943
79a6461f-0496-484f-ba0a-a02d9da72036,Lopes,Casa,Itaperi,285,3,3,4,0.0,450000.0,1578.95,2025-04-22 14:55:02.480943
2d8bead1-3ec3-4432-a98d-5b365c86134f,Lopes,Apartamento,Papicu,182,3,2,2,2532.0,870000.0,4780.22,2025-04-22 14:55:02.480943
b61c6fee-806d-4d6f-b1e9-5a83a5288579,Lopes,Apartamento,Aldeota,210,3,3,4,3165.0,3090000.0,14714.29,2025-04-22 14:55:02.480943
fe344ac1-3388-4f13-b126-a0f7b08870e8,Lopes,Apartamento,Presidente Kennedy,73,3,2,2,450.0,630000.0,8630.14,2025-04-22 14:55:02.480943
b897fef1-1dc6-4ff7-8848-decd924c4a6a,Lopes,Apartamento,Farias Brito,80,3,2,1,710.0,280000.0,3500.0,2025-04-22 14:55:02.480943
c218b602-83f2-4856-ba68-281a600006b6,Lopes,Apartamento,Meireles,235,3,3,3,2535.0,2450000.0,10425.53,2025-04-22 14:55:02.480943
da17d8f8-cd04-4bba-a1c6-7a5e25f4607b,Lopes,Condomínio,de Lourdes,4000,4,6,4,2300.0,2990000.0,747.5,2025-04-22 14:55:02.480943
747973df-82be-466c-83d8-9041eae8c478,Lopes,Condomínio,Cidade dos Funcionários,175,3,4,2,1300.0,1200000.0,6857.14,2025-04-22 14:55:02.480943
77387a2d-010e-4133-aec9-c303f56e7f0b,Lopes,Apartamento,Presidente Kennedy,103,3,3,3,754.0,520000.0,5048.54,2025-04-22 14:55:02.480943
da148127-a221-4141-ad1c-51792a877539,Lopes,Apartamento,Lagoa Redonda,68,3,2,1,50.0,239900.0,3527.94,2025-04-22 14:55:02.480943
1fd78cd5-747b-43f2-99c8-6c6b727d9ded,Lopes,Apartamento,Meireles,378,4,5,2,2300.0,1398000.0,3698.41,2025-04-22 14:55:02.480943
6b6d51f8-3634-4b28-9371-f20a35439a00,Lopes,Apartamento,Praia do Futuro,35,1,1,1,640.0,375000.0,10714.29,2025-04-22 14:55:02.480943
eecded1a-8572-4139-adc6-be6398c8643b,Lopes,Apartamento,Meireles,150,3,5,2,1650.0,850000.0,5666.67,2025-04-22 14:55:02.480943
1a1686f5-223a-4e9b-88a8-0f7db7577e40,Lopes,Apartamento,Passaré,47,2,2,1,350.0,350000.0,7446.81,2025-04-22 14:55:02.480943
a654bb48-b17a-4e44-9547-240ec66387eb,Lopes,Apartamento,Cocó,97,3,4,2,876.0,510000.0,5257.73,2025-04-22 14:55:02.480943
0d009c89-d26a-403b-acb4-be877d3279db,Lopes,Apartamento,Meireles,176,4,5,2,1600.0,700000.0,3977.27,2025-04-22 14:55:02.480943
dfe62faf-1d6b-4a71-9050-d0b2a3bcdab4,Lopes,Apartamento,Cambeba,83,3,2,2,750.0,485000.0,5843.37,2025-04-22 14:55:02.480943
ad6d4d67-46b4-4ca2-9df6-a9d9777dc52a,Lopes,Apartamento,Meireles,174,4,5,2,1890.0,1100000.0,6321.84,2025-04-22 14:55:02.480943
c7fc47c2-714d-4e52-bc57-42c91f3ea0da,Lopes,Apartamento,Engenheiro Luciano Cavalcante,123,3,3,3,700.0,1439000.0,11699.19,2025-04-22 14:55:02.480943
7db3092e-c898-4f51-9a82-7b796df2d9d8,Lopes,Apartamento,Meireles,247,3,5,3,1800.0,1499000.0,6068.83,2025-04-22 14:55:02.480943
7559c979-92c1-48f8-a680-8c0a19690f70,Lopes,Apartamento,Aldeota,150,3,4,2,1400.0,799000.0,5326.67,2025-04-22 14:55:02.480943
ec1a1d12-3e85-42f4-ba87-bc07f728af23,Lopes,Apartamento,Cocó,134,3,4,2,1200.0,500000.0,3731.34,2025-04-22 14:55:02.480943
d883d021-f686-4fd0-9284-6826129a8881,Lopes,Apartamento,Aracapé,66,2,2,1,300.0,140000.0,2121.21,2025-04-22 14:55:02.480943
4d231e4f-c0b2-4563-ae4c-0b78e2f538df,Lopes,Apartamento,Cocó,143,3,3,2,1550.0,450000.0,3146.85,2025-04-22 14:55:02.480943
bddb3545-0e27-49a7-a4e0-1d017caa67c3,Lopes,Apartamento,Dionisio Torres,97,4,4,2,1200.0,750000.0,7731.96,2025-04-22 14:55:02.480943
ca22cb4b-ee39-4bf6-97cd-8fd402616b3e,Lopes,Apartamento,Praia de Iracema,146,4,5,2,1400.0,1300000.0,8904.11,2025-04-22 14:55:02.480943
90d938e6-97c0-4828-8cbb-17a764c2814f,Lopes,Apartamento,Aldeota,132,3,3,1,810.0,490000.0,3712.12,2025-04-22 14:55:02.480943
5b3c443d-39f2-43b5-b520-7b623b5e1b21,Lopes,Apartamento,Aldeota,304,4,6,4,3650.0,1600000.0,5263.16,2025-04-22 14:55:02.480943
8ed12d1c-24de-4f12-9cbe-7ac529aff752,Lopes,Apartamento,Aldeota,105,3,3,2,1450.0,450000.0,4285.71,2025-04-22 14:55:02.480943
cb118b9d-0276-4b9a-9f56-f185f47c7662,Lopes,Apartamento,Meireles,275,4,6,4,2500.0,2300000.0,8363.64,2025-04-22 14:55:02.480943
95544f26-86e6-470c-bd12-5643afe827aa,Lopes,Apartamento,Meireles,174,4,4,4,2400.0,900000.0,5172.41,2025-04-22 14:55:02.480943
51dfbe34-f8dc-4774-9381-d80e53427a05,Lopes,Apartamento,Cocó,134,3,3,2,1200.0,700000.0,5223.88,2025-04-22 14:55:02.480943
c689b91c-526f-4a88-bddf-473a29b4ec9a,Lopes,Apartamento,Meireles,166,4,4,2,1050.0,690000.0,4156.63,2025-04-22 14:55:02.480943
b7f881b7-9591-44fc-8813-304c73a947c4,Lopes,Cobertura,Aldeota,342,4,6,3,3000.0,800000.0,2339.18,2025-04-22 14:55:02.480943
487ccf3d-334b-4113-a3ab-02568c82c6a4,Lopes,Apartamento,Manoel Dias Branco,163,4,1,3,850.0,1871000.0,11478.53,2025-04-22 14:55:02.480943
9658dffd-6ac2-45e6-bacf-b0362ac593c6,Lopes,Apartamento,Mucuripe,93,3,3,2,710.0,550000.0,5913.98,2025-04-22 14:55:02.480943
4d8df666-18dd-431a-ad31-b80e7edf94e8,Lopes,Triplex,Meireles,128,4,4,2,1500.0,980000.0,7656.25,2025-04-22 14:55:02.480943
71bfbf90-c36e-4ec6-86e3-d4b081281801,Lopes,Apartamento,Cocó,196,3,3,3,1800.0,1850000.0,9438.78,2025-04-22 14:55:02.480943
fff5f8d7-8df9-4458-a58f-7d2a4fdd92df,Lopes,Apartamento,Cocó,210,3,4,4,1960.0,2000000.0,9523.81,2025-04-22 14:55:02.480943
5d9b2566-ffe8-474e-87ed-400bced7caaf,Lopes,Apartamento,Meireles,438,4,5,5,4250.0,4420000.0,10091.32,2025-04-22 14:55:02.480943
301c4e9e-7d18-48ea-9670-d9b3bd62d145,Lopes,Apartamento,Meireles,219,4,6,4,2900.0,1199000.0,5474.89,2025-04-22 14:55:02.480943
6e5d27d9-c332-4194-adf3-6e0c5fe8d4ef,Lopes,Apartamento,Aldeota,99,3,3,2,1210.0,790000.0,7979.8,2025-04-22 14:55:02.480943
7fd5df85-f4d2-44b2-81f9-6234c810da2c,Lopes,Apartamento,Dionisio Torres,50,2,1,1,520.0,635000.0,12700.0,2025-04-22 14:55:02.480943
d8a08d57-8233-4f4a-91d9-a6bdab5c2c6b,Lopes,Apartamento,Meireles,199,3,5,2,1799.0,820000.0,4120.6,2025-04-22 14:55:02.480943
a6739060-e534-4feb-bb22-ce51408e1f62,Lopes,Apartamento,Meireles,65,2,2,0,0.0,850000.0,13076.92,2025-04-22 14:55:02.480943
0ece0e77-d0ee-469f-8adf-99ad80a42315,Lopes,Apartamento,Papicu,165,4,6,3,0.0,1449000.0,8781.82,2025-04-22 14:55:02.480943
84fae229-53d4-43f0-a91f-f3b07b93945c,Lopes,Apartamento,Meireles,305,4,5,4,3400.0,2800000.0,9180.33,2025-04-22 14:55:02.480943
d502c7a1-7351-43ba-962b-d519455fd119,Lopes,Apartamento,Dionisio Torres,118,3,4,2,1550.0,570000.0,4830.51,2025-04-22 14:55:02.480943
964a4939-0dfa-40e2-b81f-e7e31a6ba3c1,Lopes,Apartamento,Aldeota,106,4,5,4,1180.0,1050000.0,9905.66,2025-04-22 14:55:02.480943
f5fece4b-b175-44e0-b58a-58905af65c08,Lopes,Apartamento,Mucuripe,417,5,6,6,6500.0,5000000.0,11990.41,2025-04-22 14:55:02.480943
70aeb381-6ad5-4f01-9085-441c82cb5689,Lopes,Apartamento,Patriolino Ribeiro,212,3,5,4,1670.0,1300000.0,6132.08,2025-04-22 14:55:02.480943
0934eb09-4893-4cb3-a866-02d7e1779984,Lopes,Apartamento,Fátima,130,3,5,4,1600.0,1400000.0,10769.23,2025-04-22 14:55:02.480943
a57c5095-529a-429b-b7a8-2210fa10d262,Lopes,Apartamento,Cambeba,62,3,2,1,382.0,410000.0,6612.9,2025-04-22 14:55:02.480943
3582968c-bfcc-4c03-9b41-9f0dcd528041,Lopes,Apartamento,Centro,106,3,3,1,800.0,260000.0,2452.83,2025-04-22 14:55:02.480943
1333f2e9-f0dd-4766-a328-5667e919c1f1,Lopes,Apartamento,Centro,106,3,3,1,800.0,270000.0,2547.17,2025-04-22 14:55:02.480943
5963c8c8-c5b6-46fe-908d-371a71a4982b,Lopes,Apartamento,Engenheiro Luciano Cavalcante,146,3,4,3,1175.0,1619900.0,11095.21,2025-04-22 14:55:02.480943
55fec595-4ff8-4b61-8fb7-7c5cfd67e6c5,Lopes,Apartamento,Meireles,164,3,4,2,1313.0,1500000.0,9146.34,2025-04-22 14:55:02.480943
50a0b782-65de-4581-832c-04e1c45d89ca,Lopes,Apartamento,Mucuripe,602,4,5,8,0.0,15900000.0,26411.96,2025-04-22 14:55:02.480943
ddaa9ed9-e24b-498b-8f66-05872ed98ca7,Lopes,Apartamento,Meireles,806,5,6,5,4500.0,3800000.0,4714.64,2025-04-22 14:55:02.480943
0ecd1845-eb72-42c3-8514-ecfe1e773427,Lopes,Apartamento,Aldeota,172,3,3,2,2463.0,700000.0,4069.77,2025-04-22 14:55:02.480943
3413801c-a285-4f70-92de-ef737f8c98c6,Lopes,Apartamento,Meireles,80,2,3,1,1128.0,570000.0,7125.0,2025-04-22 14:55:02.480943
fd51294b-9350-4481-ab34-ef0ededb1b26,Lopes,Apartamento,Aldeota,117,3,4,3,1692.0,1365000.0,11666.67,2025-04-22 14:55:02.480943
178a3275-8afb-41ef-88e6-31583afa9f87,Lopes,Apartamento,Meireles,182,3,5,4,3000.0,850000.0,4670.33,2025-04-22 14:55:02.480943
9eea88a9-86a0-4692-b887-7b1741fdceea,Lopes,Apartamento,Vicente Pinzon,200,4,5,3,2235.0,1300000.0,6500.0,2025-04-22 14:55:02.480943
376b290a-bdc0-4c3b-aa63-978dfd27e07e,Lopes,Apartamento,Dionisio Torres,118,4,4,2,1025.0,1180000.0,10000.0,2025-04-22 14:55:02.480943
518a1232-578d-413d-8bda-bc5590ae3fc0,Lopes,Apartamento,Engenheiro Luciano Cavalcante,60,2,2,1,0.0,630000.0,10500.0,2025-04-22 14:55:02.480943
73d4b114-3561-4752-8eca-489807b32aa6,Lopes,Apartamento,Parque Iracema,57,2,2,1,587.0,642000.0,11263.16,2025-04-22 14:55:02.480943
8f9380a9-29f3-4900-a2ec-b239d98c0734,Lopes,Apartamento,Mucuripe,137,4,4,2,1026.0,550000.0,4014.6,2025-04-22 14:55:02.480943
6b609c1c-8353-4813-acf2-cf3bab5584bd,Lopes,Apartamento,Engenheiro Luciano Cavalcante,74,3,3,2,780.0,740000.0,10000.0,2025-04-22 14:55:02.480943
46a3de98-a31f-487e-bbba-c523750e328b,Lopes,Apartamento,Meireles,401,4,6,5,3830.0,5900000.0,14713.22,2025-04-22 14:55:02.480943
f2255ea7-5186-4b65-8309-64e5dada4980,Lopes,Apartamento,Cocó,220,4,1,4,1500.0,4400000.0,20000.0,2025-04-22 14:55:02.480943
a60379dd-9563-4a5c-acea-5ee440fd6ba8,Lopes,Apartamento,Dionisio Torres,152,3,4,3,1455.0,1100000.0,7236.84,2025-04-22 14:55:02.480943
a7590641-ff34-4b42-8da8-bcf406b67012,Lopes,Apartamento,Meireles,415,5,7,7,4200.0,5500000.0,13253.01,2025-04-22 14:55:02.480943
efe9a012-2107-4f25-b68f-8d90c6e659ad,Lopes,Cobertura,Benfica,106,3,3,2,499.0,310000.0,2924.53,2025-04-22 14:55:02.480943
5b27ec97-5e1e-4cd0-95a1-b4031dfff69d,Lopes,Apartamento,Aldeota,311,4,5,5,2477.0,4440000.0,14276.53,2025-04-22 14:55:02.480943
6d8583d2-7d3b-4d86-b8ff-7089939d4f23,Lopes,Apartamento,Meireles,261,3,5,3,1950.0,1890000.0,7241.38,2025-04-22 14:55:02.480943
d0b427af-503e-4472-8e58-f196243e9e23,Lopes,Apartamento,Meireles,136,3,5,3,1077.0,800000.0,5882.35,2025-04-22 14:55:02.480943
4ca8f857-05b0-46f9-8f2b-b555b0fdf5a9,Lopes,Apartamento,Engenheiro Luciano Cavalcante,82,3,3,2,712.0,750000.0,9146.34,2025-04-22 14:55:02.480943
3697422d-188f-4334-b744-75a5904273a0,Lopes,Apartamento,Fátima,71,2,2,1,650.0,530000.0,7464.79,2025-04-22 14:55:02.480943
47e3c826-df1e-49ba-95b6-67b49b9e49fd,Lopes,Apartamento,Mucuripe,208,3,5,3,2400.0,2899900.0,13941.83,2025-04-22 14:55:02.480943
9416805c-8e9b-4bae-a780-3d7fabed28d4,Lopes,Apartamento,Meireles,198,4,5,3,2100.0,1350000.0,6818.18,2025-04-22 14:55:02.480943
4783f31a-2fff-4776-90d7-905e8a7899c6,Lopes,Apartamento,Aldeota,195,3,5,3,1839.0,950000.0,4871.8,2025-04-22 14:55:02.480943
e829502e-0d69-400b-b549-cd3461f1076c,Lopes,Apartamento,Meireles,213,4,5,2,2000.0,1100000.0,5164.32,2025-04-22 14:55:02.480943
63cb343d-6da8-48eb-9b07-50e12b8bd14d,Lopes,Apartamento,Aldeota,111,3,3,1,1000.0,240000.0,2162.16,2025-04-22 14:55:02.480943
c6adffd1-b8c2-470f-beb8-b4ad3137c12c,Lopes,Apartamento,Fátima,115,3,3,1,1100.0,270000.0,2347.83,2025-04-22 14:55:02.480943
3d69c722-3012-4d07-a59f-1ec70d8846b5,Lopes,Casa,Edson Queiroz,360,4,4,3,0.0,790000.0,2194.44,2025-04-22 14:55:02.480943
df04f81a-566a-4fc1-9ec5-28d59e7a2d9e,Lopes,Apartamento,Meireles,339,4,6,6,3260.0,4200000.0,12389.38,2025-04-22 14:55:02.480943
bac020eb-942a-4860-84fa-ec5aa078155d,Lopes,Condomínio,Edson Queiroz,202,5,6,4,1800.0,1100000.0,5445.55,2025-04-22 14:55:02.480943
a7fdc5b1-fce8-4fe4-a516-f70190feb346,Lopes,Casa,Lagoa Redonda,145,2,3,2,0.0,325000.0,2241.38,2025-04-22 14:55:02.480943
375eb20d-ff57-4922-b349-1e0f332420b1,Lopes,Casa,Centro,776,10,10,4,0.0,2800000.0,3608.25,2025-04-22 14:55:02.480943
30005eae-afc2-468a-9fb7-e9effdf211ab,Lopes,Casa,Parquelândia,523,5,6,6,0.0,3000000.0,5736.14,2025-04-22 14:55:02.480943
7c7bcfb5-6f9b-4d27-bfed-41ca813a912a,Lopes,Casa,José de Alencar,340,4,4,4,0.0,640000.0,1882.35,2025-04-22 14:55:02.480943
b1ece0a6-cc8b-44b0-bdcb-baeb9308d15b,Lopes,Casa,Engenheiro Luciano Cavalcante,881,5,5,8,0.0,4500000.0,5107.83,2025-04-22 14:55:02.480943
4a2d8ae4-91a5-4029-98a5-66703a5abf37,Lopes,Apartamento,Engenheiro Luciano Cavalcante,292,4,5,4,1950.0,2600000.0,8904.11,2025-04-22 14:55:02.480943
70664e03-027a-41ab-a597-40ae15ce76f9,Lopes,Apartamento,Meireles,122,2,2,1,580.0,648000.0,5311.48,2025-04-22 14:55:02.480943
3beb9ebd-71d2-45de-9a57-686e985da888,Lopes,Apartamento,Dunas,163,4,1,3,1410.0,1871000.0,11478.53,2025-04-22 14:55:02.480943
a245694c-43d9-45ec-beff-cbbaf22365ff,Lopes,Casa,Dionisio Torres,620,6,4,4,0.0,1800000.0,2903.23,2025-04-22 14:55:02.480943
68485de2-3d8f-4498-a2a0-e31a22b35edf,Lopes,Apartamento,Patriolino Ribeiro,152,4,5,4,1300.0,1500000.0,9868.42,2025-04-22 14:55:02.480943
ef69d917-95bc-427a-b01d-8ce7a79197a7,Lopes,Duplex,Sapiranga,164,4,5,5,0.0,600000.0,3658.54,2025-04-22 14:55:02.480943
6d3835b6-0326-4423-bbdd-dd24df0fcf5a,Lopes,Apartamento,Montese,86,3,2,2,554.0,260000.0,3023.26,2025-04-22 14:55:02.480943
fd19cb85-86eb-4538-be17-80be3b303554,Lopes,Apartamento,Centro,100,3,1,2,878.0,810000.0,8100.0,2025-04-22 14:55:02.480943
3b724d1c-73c5-4ea1-aa38-a73ca53933ff,Lopes,Casa,Parque Araxá,435,7,3,5,0.0,1050000.0,2413.79,2025-04-22 14:55:02.480943
6a7e062f-d304-4018-b29c-c73ae58cee81,Lopes,Casa,Parque Manibura,520,6,7,10,0.0,1400000.0,2692.31,2025-04-22 14:55:02.480943
649ce497-8955-4a9a-af3a-979ee22cb887,Lopes,Apartamento,Dionisio Torres,118,3,4,3,1100.0,950000.0,8050.85,2025-04-22 14:55:02.480943
8577d94d-ab33-4703-8e37-a5034ee4a44c,Lopes,Apartamento,Dionisio Torres,114,3,4,3,1374.0,720000.0,6315.79,2025-04-22 14:55:02.480943
0f2bf535-8fda-47e0-8969-721689fbf93a,Lopes,Apartamento,Cocó,113,3,4,3,1000.0,620000.0,5486.73,2025-04-22 14:55:02.480943
2d1680c4-14cd-4bc3-b5db-3b6692286b09,Lopes,Apartamento,Dionisio Torres,160,3,5,3,1500.0,800000.0,5000.0,2025-04-22 14:55:02.480943
427f41b1-4f0b-47c3-adb0-020e63d38d76,Lopes,Condomínio,Lagoa Redonda,192,3,4,2,1290.0,898000.0,4677.08,2025-04-22 14:55:02.480943
448fb90a-f4bd-4108-ac4b-076f51cf20e1,Lopes,Prédio inteiro,Benfica,750,6,12,0,170.0,3000000.0,4000.0,2025-04-22 14:55:02.480943
1fe13009-e3ff-4bb6-939c-71fcf8a0b905,Lopes,Condomínio,José de Alencar,277,1,4,3,1900.0,1300000.0,4693.14,2025-04-22 14:55:02.480943
2b22de13-d4a7-4e03-8a93-8f0aadada8f3,Lopes,Casa,Sapiranga,162,2,3,2,0.0,550000.0,3395.06,2025-04-22 14:55:02.480943
553a58d9-9e03-4d5c-bb17-fe7296133ac6,Lopes,Apartamento,Patriolino Ribeiro,243,4,5,4,3200.0,1200000.0,4938.27,2025-04-22 14:55:02.480943
0ae5558d-1ecf-4052-8ffe-44336d463078,Lopes,Apartamento,Meireles,213,4,4,2,2000.0,1000000.0,4694.84,2025-04-22 14:55:02.480943
5572c668-2b71-4537-8f95-56da4031862a,Lopes,Casa,Passaré,150,4,4,2,0.0,420000.0,2800.0,2025-04-22 14:55:02.480943
dc0e1f5e-e6b3-40bf-ae60-682b4eed1bf6,Lopes,Apartamento,Meireles,56,2,2,1,512.0,715000.0,12767.86,2025-04-22 14:55:02.480943
81506741-73ba-4dfd-950c-b6a526883b46,Lopes,Condomínio,Edson Queiroz,2523,3,4,2,1300.0,497000.0,196.99,2025-04-22 14:55:02.480943
68cec0b9-62ea-4555-aace-8c9b5a9416ec,Lopes,Casa,João Xxiii,572,1,1,0,0.0,1100000.0,1923.08,2025-04-22 14:55:02.480943
e44f5c20-1a77-4989-afaa-a784ac670fac,Lopes,Apartamento,Damas,69,3,3,1,430.0,239000.0,3463.77,2025-04-22 14:55:02.480943
9b2ec224-0c91-47be-bf22-f853fc58ff97,Lopes,Apartamento,Aldeota,150,3,3,3,1585.0,1195000.0,7966.67,2025-04-22 14:55:02.480943
5ddd2fb8-1561-478e-ac2d-7d93b616c8db,Lopes,Apartamento,Patriolino Ribeiro,146,3,4,3,1203.0,1650000.0,11301.37,2025-04-22 14:55:02.480943
8f2e879d-3ac4-44fd-b54b-0476fc5194b3,Lopes,Casa,José de Alencar,864,4,3,6,0.0,999000.0,1156.25,2025-04-22 14:55:02.480943
1e33ac36-d2ec-47ad-8826-a5db83db31be,Lopes,Apartamento,Meireles,197,4,5,4,2500.0,1600000.0,8121.83,2025-04-22 14:55:02.480943
6940348b-eab1-4e55-bf22-3bd9de119617,Lopes,Casa,Montese,396,3,4,0,0.0,550000.0,1388.89,2025-04-22 14:55:02.480943
bb93cdb9-07a3-445c-8a0f-c63583982c26,Lopes,Apartamento,Parque Dois Irmãos,59,3,2,1,450.0,325000.0,5508.48,2025-04-22 14:55:02.480943
2c0e7fc4-f784-4983-8399-74b0bcee7f66,Lopes,Casa,Vicente Pinzon,396,4,4,2,0.0,515000.0,1300.51,2025-04-22 14:55:02.480943
17e55721-67ea-4288-9215-ae37a25a78e6,Lopes,Apartamento,José Bonifácio,90,3,3,2,780.0,890000.0,9888.89,2025-04-22 14:55:02.480943
332f6240-89e5-4e89-ba4a-4892028fa079,Lopes,Casa,Messejana,480,4,7,5,0.0,1200000.0,2500.0,2025-04-22 14:55:02.480943
5b91c23d-0615-41f0-b99e-175a9dbd1a9a,Lopes,Condomínio,Sapiranga,259,4,3,2,900.0,590000.0,2277.99,2025-04-22 14:55:02.480943
34a7de34-8198-4ad2-9628-9ea9bf3bd5cf,Lopes,Apartamento,Patriolino Ribeiro,146,3,4,3,1202.0,1500000.0,10273.97,2025-04-22 14:55:02.480943
0613d2a5-a17c-4cf5-99c6-a07cfef827a0,Lopes,Casa,Engenheiro Luciano Cavalcante,396,3,6,4,0.0,980000.0,2474.75,2025-04-22 14:55:02.480943
21d2fb0c-a954-4813-a010-4858b368c31d,Lopes,Casa,Jardim Iracema,68,4,4,2,0.0,350000.0,5147.06,2025-04-22 14:55:02.480943
c7fddf8b-0e24-4a23-adf1-876d36037825,Lopes,Sobrado,Sapiranga,375,5,5,5,0.0,700000.0,1866.67,2025-04-22 14:55:02.480943
6ba376b8-744e-4afa-bc2b-3b5b5b82fbb5,Lopes,Apartamento,Meireles,213,3,4,4,2600.0,1299000.0,6098.59,2025-04-22 14:55:02.480943
c912c8d0-6944-407c-bd55-75b5bd462e7f,Lopes,Apartamento,Meireles,213,4,5,4,2100.0,1100000.0,5164.32,2025-04-22 14:55:02.480943
e3554cfe-9327-418b-9741-2f54dd4a4be6,Lopes,Casa,Cidade dos Funcionários,180,4,4,3,0.0,580000.0,3222.22,2025-04-22 14:55:02.480943
0a0a83c1-9785-4b31-b422-7b520cf60306,Lopes,Apartamento,Mucuripe,128,3,4,2,1050.0,430000.0,3359.38,2025-04-22 14:55:02.480943
818b0c3d-2f91-4c09-98ac-260d0abf6c81,Lopes,Casa,Engenheiro Luciano Cavalcante,1749,3,6,10,0.0,2500000.0,1429.39,2025-04-22 14:55:02.480943
bf26ca5d-5c48-495b-b132-8aebc6a1c1b8,Lopes,Casa,Conjunto Ceará I,242,8,5,2,0.0,550000.0,2272.73,2025-04-22 14:55:02.480943
e6c942f7-acd7-45a8-b569-9548b83a9db4,Lopes,Casa,Edson Queiroz,150,4,2,2,0.0,390000.0,2600.0,2025-04-22 14:55:02.480943
ea010b4d-316d-4be6-bbd5-3b9bb37b0b17,Lopes,Apartamento,Dionisio Torres,50,2,2,1,0.0,640000.0,12800.0,2025-04-22 14:55:02.480943
aa675ad2-c43f-4e13-bef8-e6d84ced573f,Lopes,Apartamento,Aldeota,201,4,6,3,2140.0,1699000.0,8452.74,2025-04-22 14:55:02.480943
9c4d76cc-2865-4085-a219-5563eec0f7c3,Lopes,Apartamento,Meireles,179,4,5,2,1850.0,950000.0,5307.26,2025-04-22 14:55:02.480943
0c35e5ee-b783-4646-b629-d37f01906e7d,Lopes,Apartamento,Aldeota,184,3,4,3,1826.0,999900.0,5434.24,2025-04-22 14:55:02.480943
864183af-6ef3-4143-9025-a6312fb9759d,Lopes,Apartamento,Passaré,54,3,2,2,397.0,320000.0,5925.93,2025-04-22 14:55:02.480943
cbf4a163-73fc-4a76-af22-f92e2e026146,Lopes,Apartamento,Aldeota,176,4,5,2,1850.0,890000.0,5056.82,2025-04-22 14:55:02.480943
085be5ee-abaf-4d01-9a2e-0c1f404aa7fd,Lopes,Casa,Centro,130,4,3,1,0.0,428000.0,3292.31,2025-04-22 14:55:02.480943
6d0b0fd2-7762-4302-aeb7-608e319f0466,Lopes,Apartamento,Aldeota,123,3,3,2,1100.0,580000.0,4715.45,2025-04-22 14:55:02.480943
5e07fac3-0769-4d04-ab72-3bfdf31a450f,Lopes,Casa,José de Alencar,121,3,2,4,0.0,600000.0,4958.68,2025-04-22 14:55:02.480943
7925c9f3-5cb6-409c-9f24-63f083af420b,Lopes,Casa,Aldeota,366,4,4,6,0.0,1150000.0,3142.08,2025-04-22 14:55:02.480943
74a96e7e-78cc-416c-8e57-e3f7c63a6d85,Lopes,Apartamento,Manoel Dias Branco,116,4,3,2,820.0,1280000.0,11034.48,2025-04-22 14:55:02.480943
0d9ae40d-f905-4b03-b0b7-bd4a2958eac7,Lopes,Apartamento,Dionisio Torres,250,4,6,2,2500.0,830000.0,3320.0,2025-04-22 14:55:02.480943
bbf2d6ba-6cee-46a1-b8b1-c2c716007c25,Lopes,Condomínio,Parque Iracema,108,5,5,4,0.0,550000.0,5092.59,2025-04-22 14:55:02.480943
3be3fe05-978c-446f-b760-2fde7e16ece6,Lopes,Apartamento,Meireles,57,2,1,1,800.0,865000.0,15175.44,2025-04-22 14:55:02.480943
26aafa1d-9d77-46e6-ab1f-5f3c00c1215b,Lopes,Apartamento,Dionisio Torres,119,3,1,2,0.0,1800000.0,15126.05,2025-04-22 14:55:02.480943
cd90ac69-3846-40d9-918e-441660779c3e,Lopes,Apartamento,Parquelândia,79,3,2,2,400.0,750000.0,9493.67,2025-04-22 14:55:02.480943
613b31e1-7bc7-42c4-903d-9e853db0060f,Lopes,Duplex,Meireles,81,2,3,1,1228.0,540000.0,6666.67,2025-04-22 14:55:02.480943
de82e0ac-bd67-4c76-85a9-9e32046f28f5,Lopes,Condomínio,de Lourdes,348,4,6,4,2080.0,2890000.0,8304.6,2025-04-22 14:55:02.480943
2fd55cea-1b7f-4259-a6b3-628c11abb390,Lopes,Apartamento,Praia do Futuro,125,3,3,1,650.0,280000.0,2240.0,2025-04-22 14:55:02.480943
c4ea5b18-c89a-46cc-ab67-9b310725ded7,Lopes,Apartamento,Cocó,344,5,4,5,4667.0,5500000.0,15988.37,2025-04-22 14:55:02.480943
e69aba0a-056f-4b63-a0db-23ff0aa487b9,Lopes,Apartamento,Aldeota,123,3,3,2,0.0,630000.0,5121.95,2025-04-22 14:55:02.480943
8ed2ab18-f655-43ad-b925-69273d0e8046,Lopes,Apartamento,Boa Vista,46,2,2,1,370.0,199000.0,4326.09,2025-04-22 14:55:02.480943
79c682be-3cd8-4ac9-a222-e08d96f3d9d7,Lopes,Apartamento,Cocó,85,3,2,1,680.0,240000.0,2823.53,2025-04-22 14:55:02.480943
a2a435eb-7520-4894-ab65-4b462cb9866a,Lopes,Apartamento,Cocó,125,3,4,2,1400.0,440000.0,3520.0,2025-04-22 14:55:02.480943
02fcf77c-37d1-4623-a24f-8efacf581d70,Lopes,Casa,Manoel Dias Branco,477,3,3,4,0.0,870000.0,1823.9,2025-04-22 14:55:02.480943
33f5e2f1-2fae-45fe-b914-ebfdf6c0442a,Lopes,Apartamento,Aldeota,37,1,1,1,0.0,470000.0,12702.7,2025-04-22 14:55:02.480943
f972f35c-f9b5-42c3-9c68-bc40688db597,Lopes,Apartamento,Presidente Kennedy,53,2,2,1,400.0,440000.0,8301.89,2025-04-22 14:55:02.480943
8c19ee37-8e45-42e5-8898-a679994f995f,Lopes,Casa,Fátima,579,4,3,6,0.0,1350000.0,2331.61,2025-04-22 14:55:02.480943
faf2ca69-e361-4542-b076-f7068fb5f2df,Lopes,Apartamento,Fátima,105,3,3,2,1000.0,599900.0,5713.33,2025-04-22 14:55:02.480943
d4b3fb45-d443-4de5-b6ed-261fb086015c,Lopes,Prédio inteiro,Centro,467,7,2,0,0.0,1200000.0,2569.59,2025-04-22 14:55:02.480943
51575139-d5c1-4cb6-b2c0-463ac03b77ae,Lopes,Casa,Joaquim Távora,253,4,3,4,0.0,620000.0,2450.59,2025-04-22 14:55:02.480943
61a43b2c-1158-43f8-815c-e7469362e997,Lopes,Apartamento,Praia do Futuro,156,4,4,2,850.0,330000.0,2115.39,2025-04-22 14:55:02.480943
89e124f9-2430-4885-9566-124825cec961,Lopes,Condomínio,Engenheiro Luciano Cavalcante,126,5,4,3,850.0,520000.0,4126.98,2025-04-22 14:55:02.480943
d1ae9f96-a89c-49d9-a21e-542d8f042ef5,Lopes,Apartamento,Joaquim Távora,124,3,2,2,1200.0,330000.0,2661.29,2025-04-22 14:55:02.480943
174426a0-d211-4df6-bad2-018f5213de7f,Lopes,Condomínio,Parque Dois Irmãos,104,2,3,2,600.0,400000.0,3846.15,2025-04-22 14:55:02.480943
8dc5803b-153d-4ddb-9a2a-ce510aa767e1,Lopes,Apartamento,Jardim América,77,3,2,1,622.0,350000.0,4545.46,2025-04-22 14:55:02.480943
95a9c7c6-a243-420b-aadb-566f2de185c0,Lopes,Apartamento,Cocó,127,3,4,1,1400.0,450000.0,3543.31,2025-04-22 14:55:02.480943
2820e323-45f9-4f7c-8766-a30ef513af49,Lopes,Apartamento,Cocó,125,3,4,2,1300.0,585000.0,4680.0,2025-04-22 14:55:02.480943
9b9b0a62-8381-4fb9-ad1d-b9624b3e8281,Lopes,Apartamento,Centro,70,2,2,1,800.0,235000.0,3357.14,2025-04-22 14:55:02.480943
cf84925f-832b-4f4a-89e1-d6f841fa5f51,Lopes,Apartamento,Meireles,219,3,4,3,2500.0,2199000.0,10041.1,2025-04-22 14:55:02.480943
9d778ecd-4373-463f-864d-6b0e31358f09,Lopes,Apartamento,Cocó,142,3,4,2,1200.0,380000.0,2676.06,2025-04-22 14:55:02.480943
18816682-d275-4de6-96bf-d8000ba51504,Lopes,Apartamento,Meireles,285,3,5,4,2650.0,3150000.0,11052.63,2025-04-22 14:55:02.480943
37be5795-7b7c-4fa6-b19d-f389335b1a64,Lopes,Casa,Cocó,300,3,4,2,0.0,1600000.0,5333.33,2025-04-22 14:55:02.480943
e65d41e1-6a14-4726-b2bc-c2a6c2730e24,Lopes,Casa,Vicente Pinzon,122,3,5,3,0.0,450000.0,3688.53,2025-04-22 14:55:02.480943
b5cf0117-ed4e-4c65-bf98-e5341c484c37,Lopes,Apartamento,Fátima,120,3,4,2,1050.0,590000.0,4916.67,2025-04-22 14:55:02.480943
c6c9cf2d-7d94-4619-945f-492824a2b101,Lopes,Apartamento,Praia de Iracema,178,3,3,2,1825.0,920000.0,5168.54,2025-04-22 14:55:02.480943
541ff345-bca4-4b6f-94f3-ea458ad8ed82,Lopes,Apartamento,Meireles,158,3,3,4,1300.0,790000.0,5000.0,2025-04-22 14:55:02.480943
a4c32609-764b-4d84-b810-dd0ab204286c,Lopes,Apartamento,Meireles,119,3,4,2,800.0,520000.0,4369.75,2025-04-22 14:55:02.480943
303b04b6-f8e0-4dc3-be40-1f3a9a051d4f,Lopes,Salas,Cocó,54,1,2,0,1200.0,850000.0,15740.74,2025-04-22 14:55:02.480943
aa781f25-8a85-4f39-98d9-9a4ea6f7b42c,Lopes,Casa,Meireles,411,5,5,6,0.0,2000000.0,4866.18,2025-04-22 14:55:02.480943
8d81db77-c0fe-4238-932b-fd582460516a,Lopes,Cobertura,Meireles,102,2,3,1,1293.0,830000.0,8137.26,2025-04-22 14:55:02.480943
9e055cc8-35a5-4cd0-89b2-e38f247cad1c,Lopes,Casa,Dom Lustosa,552,4,3,2,0.0,750000.0,1358.7,2025-04-22 14:55:02.480943
e6e7d14c-fcfe-4a3b-8a96-2574f8bc7cd5,Lopes,Apartamento,Presidente Kennedy,79,3,2,1,699.0,239000.0,3025.32,2025-04-22 14:55:02.480943
49b716ba-727b-4f84-8500-24ced266e823,Lopes,Casa,Prefeito José Walter,396,2,2,4,0.0,320000.0,808.08,2025-04-22 14:55:02.480943
9342c8fc-9473-4a89-8806-1b089c19d5ae,Lopes,Casa,Edson Queiroz,354,6,5,6,0.0,780000.0,2203.39,2025-04-22 14:55:02.480943
75ba6f6d-b757-4667-ba98-ba1cceb22252,Lopes,Condomínio,Edson Queiroz,214,4,6,4,1800.0,750000.0,3504.67,2025-04-22 14:55:02.480943
47f0fd70-4f8f-4075-b1a4-30b484485b31,Lopes,Casa,Engenheiro Luciano Cavalcante,344,4,4,3,0.0,720000.0,2093.02,2025-04-22 14:55:02.480943
cc16320c-7cce-474f-b47d-6ebefedc4009,Lopes,Apartamento,Aldeota,163,3,5,3,0.0,2450000.0,15030.68,2025-04-22 14:55:02.480943
c057fd01-c46a-4fb1-a9db-53442e745c0c,Lopes,Apartamento,Vicente Pinzon,161,3,2,2,1563.0,285000.0,1770.19,2025-04-22 14:55:02.480943
0cc1a41d-77f4-4a74-814c-83e3ef719375,Lopes,Casa,Sapiranga,150,3,3,1,0.0,690000.0,4600.0,2025-04-22 14:55:02.480943
5bcf275f-9577-4415-a512-acc09616eb31,Lopes,Apartamento,Papicu,75,3,2,1,425.0,200000.0,2666.67,2025-04-22 14:55:02.480943
0adf56ff-5bd6-4853-b4fe-f35ae2c4e4da,Lopes,Apartamento,Engenheiro Luciano Cavalcante,146,3,4,3,1175.0,1990000.0,13630.14,2025-04-22 14:55:02.480943
6c510f3d-1271-4b8a-bed8-eefcf4a8a403,Lopes,Apartamento,Meireles,143,3,4,2,1350.0,715000.0,5000.0,2025-04-22 14:55:02.480943
32383377-e3b4-412e-859d-fd79140adb44,Lopes,Apartamento,Parquelândia,141,3,4,1,1000.0,530000.0,3758.87,2025-04-22 14:55:02.480943
be4f9ab0-1163-4c89-8bdf-6c73008acbbe,Lopes,Apartamento,Benfica,95,3,3,1,450.0,380000.0,4000.0,2025-04-22 14:55:02.480943
ffb941ac-1f65-4247-90c9-1b99516688f8,Lopes,Apartamento,Mondubim,44,2,1,1,400.0,174800.0,3972.73,2025-04-22 14:55:02.480943
c13921b9-fb4c-425e-ad0d-28f2fabc50a8,Lopes,Apartamento,Coaçu,45,2,2,1,0.0,285000.0,6333.33,2025-04-22 14:55:02.480943
43a82fb2-74cf-4cdf-9851-daa04acac831,Lopes,Condomínio,José de Alencar,186,5,6,3,950.0,800000.0,4301.08,2025-04-22 14:55:02.480943
e2c5f394-c37c-431a-b4e9-4191cf8511fa,Lopes,Apartamento,Meireles,131,4,4,2,1700.0,750000.0,5725.19,2025-04-22 14:55:02.480943
fcefd65e-0d3b-4255-afd9-cdfe3223a762,Lopes,Apartamento,Papicu,110,3,4,1,900.0,340000.0,3090.91,2025-04-22 14:55:02.480943
f9923735-ad08-4356-9945-58589d2f327b,Lopes,Salas,Aldeota,163,5,5,0,2639.0,1900000.0,11656.44,2025-04-22 14:55:02.480943
9b667133-0975-4e42-a9a4-54d83920e56b,Lopes,Condomínio,Boa Vista,103,3,3,4,350.0,380000.0,3689.32,2025-04-22 14:55:02.480943
ff30beb9-59ed-47a9-bbb0-c473aeb5bd80,Lopes,Apartamento,Meireles,100,3,4,4,1200.0,1200000.0,12000.0,2025-04-22 14:55:02.480943
ea1f7626-56c7-48b6-a83b-ec98fa277614,Lopes,Apartamento,Boa Vista,40,2,1,1,300.0,185000.0,4625.0,2025-04-22 14:55:02.480943
9494f55c-074a-4dc5-a728-686a5755386a,Lopes,Casa,de Lourdes,600,3,3,10,0.0,2500000.0,4166.67,2025-04-22 14:55:02.480943
95d5471a-5767-464d-8f48-a6d1a3174179,Lopes,Apartamento,Dendê,43,2,1,1,240.0,245000.0,5697.67,2025-04-22 14:55:02.480943
54ec35ff-5f6d-4dd3-8c73-694050b1cb6b,Lopes,Apartamento,Meireles,302,4,6,4,3080.0,2300000.0,7615.89,2025-04-22 14:55:02.480943
45bfd9c0-c824-48aa-9101-86644d6b54e4,Lopes,Apartamento,Meireles,64,2,2,2,800.0,715000.0,11171.88,2025-04-22 14:55:02.480943
ab24820e-5e9a-45d7-9d4d-e23dea6e1eb8,Lopes,Apartamento,Centro,113,3,3,1,1350.0,320000.0,2831.86,2025-04-22 14:55:02.480943
0cc42a02-23e6-47a2-9124-e572e2399458,Lopes,Apartamento,Meireles,231,4,5,2,1970.0,1150000.0,4978.36,2025-04-22 14:55:02.480943
bc199cd3-c444-42da-9115-80e700fc241d,Lopes,Casa,Parquelândia,770,4,4,8,0.0,1499000.0,1946.75,2025-04-22 14:55:02.480943
b40ffc7f-a63c-4b78-ae8b-8012de25fea6,Lopes,Apartamento,Papicu,139,3,4,2,1300.0,530000.0,3812.95,2025-04-22 14:55:02.480943
8d476eae-a9fc-4db8-bb45-34881e5cdb76,Lopes,Apartamento,José de Alencar,83,4,4,2,495.0,350000.0,4216.87,2025-04-22 14:55:02.480943
0713801b-51c0-47ca-9062-d68d508fee55,Lopes,Apartamento,Mucuripe,272,4,5,2,2300.0,1600000.0,5882.35,2025-04-22 14:55:02.480943
69cf3e9b-69d0-43e8-8fcb-c4a8f216273f,Lopes,Apartamento,Sapiranga,66,3,1,2,630.0,230000.0,3484.85,2025-04-22 14:55:02.480943
48e447d4-2bcf-46ef-a3d0-cf4a9f421db4,Lopes,Apartamento,Aldeota,111,3,3,2,1400.0,630000.0,5675.68,2025-04-22 14:55:02.480943
0b23a2af-07ee-4f09-80a8-57baab6a6105,Lopes,Apartamento,Meireles,111,3,3,1,890.0,650000.0,5855.86,2025-04-22 14:55:02.480943
2aef5287-81d5-46e4-9b0e-1c553ad85828,Lopes,Apartamento,Dionisio Torres,207,4,4,2,1350.0,560000.0,2705.31,2025-04-22 14:55:02.480943
f3fdf15e-430a-4aa2-a06b-a34a0d7679ef,Lopes,Apartamento,Aldeota,94,2,3,2,930.0,560000.0,5957.45,2025-04-22 14:55:02.480943
4d7d63b3-d0d5-4ab8-acaf-712a60c58f54,Lopes,Apartamento,Jacarecanga,104,3,3,1,1000.0,290000.0,2788.46,2025-04-22 14:55:02.480943
d5efadfe-3414-4c0d-b431-4ae59b466432,Lopes,Apartamento,Aldeota,170,4,4,3,1500.0,890000.0,5235.29,2025-04-22 14:55:02.480943
2b4e6c07-22ff-4136-8cf2-c702638dcd95,Lopes,Casa,Aldeota,502,3,5,4,0.0,1800000.0,3585.66,2025-04-22 14:55:02.480943
f6f9f527-3dd4-4b0b-b3f1-1995a778e51d,Lopes,Apartamento,Cocó,83,3,1,2,750.0,910000.0,10963.86,2025-04-22 14:55:02.480943
1c1f97bb-85e2-4f11-91cf-7a84e7e4856d,Lopes,Cobertura,Meireles,500,4,6,5,3500.0,7000000.0,14000.0,2025-04-22 14:55:02.480943
6944f337-0998-4a6e-97c6-bc418c5de65e,Lopes,Apartamento,Engenheiro Luciano Cavalcante,211,4,6,3,1650.0,848000.0,4018.96,2025-04-22 14:55:02.480943
aae0ca19-1ebb-4f66-a955-de187445d1ee,Lopes,Apartamento,Aldeota,120,4,2,2,1334.0,405000.0,3375.0,2025-04-22 14:55:02.480943
5fbff2f2-14d9-4ec6-b2bd-8f8cfdc32276,Lopes,Condomínio,Mondubim,147,5,2,2,0.0,700000.0,4761.91,2025-04-22 14:55:02.480943
1cc39fd9-5183-4db7-8641-d44339b8f96d,Lopes,Condomínio,Paupina,66,2,2,1,297.0,240000.0,3636.36,2025-04-22 14:55:02.480943
8f77d1a2-abc3-455a-8b19-f64a6d0e1181,Lopes,Prédio inteiro,Montese,155,5,5,0,0.0,800000.0,5161.29,2025-04-22 14:55:02.480943
d6735182-2347-4947-86e6-3d9d6c2630ac,Lopes,Apartamento,Parreão,52,3,2,2,300.0,280000.0,5384.62,2025-04-22 14:55:02.480943
b74e0991-8d71-456f-8a73-0d3ab43eb078,Lopes,Condomínio,Cambeba,313,3,5,4,1000.0,800000.0,2555.91,2025-04-22 14:55:02.480943
b0e5260f-db91-4799-ba6a-a5a4a5184f40,Lopes,Apartamento,Engenheiro Luciano Cavalcante,110,3,4,2,800.0,1050000.0,9545.46,2025-04-22 14:55:02.480943
34c7f0bd-139c-4635-91fc-922a365d4fc2,Lopes,Apartamento,Dionisio Torres,119,3,4,2,0.0,1500000.0,12605.04,2025-04-22 14:55:02.480943
8c9f2bd5-9335-4147-bbb5-af0d1bf88c80,Lopes,Apartamento,Patriolino Ribeiro,143,3,3,4,1847.0,849900.0,5943.36,2025-04-22 14:55:02.480943
6392bf36-0c7c-4266-924a-d174c5acf854,Lopes,Apartamento,Meireles,84,3,2,1,1300.0,299000.0,3559.52,2025-04-22 14:55:02.480943
500f5e7e-e4b0-4136-824c-64761437439b,Lopes,Cobertura,Praia do Futuro,340,5,4,6,1400.0,1274000.0,3747.06,2025-04-22 14:55:02.480943
5ea6b0fd-5f2f-48cd-8af4-463c865f82e3,Lopes,Apartamento,Aldeota,189,4,5,2,1670.0,799000.0,4227.51,2025-04-22 14:55:02.480943
2892f1ce-7a6b-4eb2-8bd3-0b036aacb8aa,Lopes,Apartamento,Meireles,53,1,1,1,650.0,360000.0,6792.45,2025-04-22 14:55:02.480943
b28bd933-998a-4e21-847d-e59d7bc919d7,Lopes,Apartamento,Aldeota,127,3,3,3,1200.0,880000.0,6929.13,2025-04-22 14:55:02.480943
3e43df1c-3b4d-4bed-ad0f-713ba6725314,Lopes,Casa,Sapiranga,260,4,4,5,0.0,550000.0,2115.39,2025-04-22 14:55:02.480943
674fa696-d6a9-49d4-b1ab-42caa17dae08,Lopes,Apartamento,Papicu,107,4,3,1,850.0,350000.0,3271.03,2025-04-22 14:55:02.480943
47b44aee-ce0a-4704-b5f5-87a3457e70f8,Lopes,Condomínio,Cajazeiras,360,3,1,2,400.0,780000.0,2166.67,2025-04-22 14:55:02.480943
0a6b36c6-1d0b-4060-9aee-832f6bd357cd,Lopes,Apartamento,Meireles,62,2,2,1,1568.0,500000.0,8064.52,2025-04-22 14:55:02.480943
aab637bd-0912-49c2-abca-02c8b3561cad,Lopes,Apartamento,Aldeota,158,4,5,2,980.0,700000.0,4430.38,2025-04-22 14:55:02.480943
45a68699-3e40-4123-9877-da0d86b48bee,Lopes,Salas,Aldeota,36,1,1,0,700.0,820000.0,22777.78,2025-04-22 14:55:02.480943
a383c89e-a8a6-4f62-91ce-07f12ac48ead,Lopes,Casa,Lagoa Redonda,166,3,3,2,0.0,450000.0,2710.84,2025-04-22 14:55:02.480943
1c6e0297-c0f3-4215-a17f-db633353fbc1,Lopes,Casa,Joaquim Távora,396,7,7,3,0.0,989000.0,2497.48,2025-04-22 14:55:02.480943
30cb5a90-f3f6-4403-8948-b6386266e8de,Lopes,Apartamento,Vicente Pinzon,118,3,4,2,1090.0,430000.0,3644.07,2025-04-22 14:55:02.480943
c8b22943-7bb4-466d-bad7-5fe877ea6081,Lopes,Casa,Benfica,475,4,6,6,0.0,1900000.0,4000.0,2025-04-22 14:55:02.480943
98f1879a-ad5f-43a0-8ea4-3d5e3fbb8646,Lopes,Apartamento,Joaquim Távora,91,3,2,1,802.0,265000.0,2912.09,2025-04-22 14:55:02.480943
1719175d-c1c1-4011-8a88-8bc2613eba22,Lopes,Apartamento,Meireles,58,2,2,1,0.0,940000.0,16206.9,2025-04-22 14:55:02.480943
f3e40ac8-79f4-4f20-9bae-3d1374e5401d,Lopes,Apartamento,Papicu,117,3,3,1,883.0,300000.0,2564.1,2025-04-22 14:55:02.480943
86108952-04d1-4a70-b434-14a36de74934,Lopes,Casa,Manoel Dias Branco,477,5,6,3,0.0,999000.0,2094.34,2025-04-22 14:55:02.480943
689eb027-378d-4425-9f13-a6177f4d6c82,Lopes,Apartamento,Aldeota,64,3,2,1,630.0,560000.0,8750.0,2025-04-22 14:55:02.480943
1ad50b76-2dc0-48a0-8d23-1f173fc6c15d,Lopes,Apartamento,Papicu,78,2,3,1,0.0,300000.0,3846.15,2025-04-22 14:55:02.480943
b5f49eb0-2349-4819-b8dc-ac696b6f9d3e,Lopes,Apartamento,Montese,85,3,2,1,440.0,260000.0,3058.82,2025-04-22 14:55:02.480943
2cbab757-0cfb-4d24-983a-e46a198dff17,Lopes,Apartamento,Parreão,82,3,3,2,459.0,289000.0,3524.39,2025-04-22 14:55:02.480943
cb1de79f-dcaa-4f2b-8b78-b5ca9ca9f018,Lopes,Apartamento,Montese,100,3,2,1,0.0,330000.0,3300.0,2025-04-22 14:55:02.480943
1c64420b-2ab4-444d-b554-459facc652f9,Lopes,Apartamento,Benfica,127,3,4,2,380.0,299000.0,2354.33,2025-04-22 14:55:02.480943
cd39f48c-6abd-4950-ace8-14196c166041,Lopes,Casa,Montese,377,5,5,7,0.0,950000.0,2519.89,2025-04-22 14:55:02.480943
495c8ef1-d05a-4906-9dc7-d212f95aa881,Lopes,Apartamento,Damas,86,3,2,1,300.0,250000.0,2906.98,2025-04-22 14:55:02.480943
bec603f8-1392-4f9c-8981-469ef3bdd7c5,Lopes,Apartamento,Joaquim Távora,197,3,5,2,1200.0,590000.0,2994.92,2025-04-22 14:55:02.480943
dd2836e5-f07d-4ed3-a827-5841d939d2d5,Lopes,Apartamento,Meireles,87,3,3,1,800.0,290000.0,3333.33,2025-04-22 14:55:02.480943
519f9c9a-bf69-4bd4-acfa-43fdb4a11069,Lopes,Salas,Dionisio Torres,34,1,1,0,440.0,520000.0,15294.12,2025-04-22 14:55:02.480943
eff70173-b5bd-4db1-8f20-19ea65f105be,Lopes,Casa,Monte Castelo,196,3,5,2,0.0,770000.0,3928.57,2025-04-22 14:55:02.480943
33f73082-cd02-4907-8c7d-ab2f9592077d,Lopes,Apartamento,Mucuripe,57,2,2,1,1280.0,500000.0,8771.93,2025-04-22 14:55:02.480943
2b5f65ab-d4b3-4eee-a038-441b6df888a4,Lopes,Casa,Cidade dos Funcionários,156,2,3,2,0.0,420000.0,2692.31,2025-04-22 14:55:02.480943
327db30e-4b27-460c-913d-f268b381a07a,Lopes,Casa,Monte Castelo,166,3,2,1,0.0,500000.0,3012.05,2025-04-22 14:55:02.480943
a53532d8-91e9-4049-9416-1ce5728b8a2a,Lopes,Apartamento,Mucuripe,53,2,2,2,0.0,840000.0,15849.06,2025-04-22 14:55:02.480943
e85a4b19-1095-4612-a84f-a1e5d422ee36,Lopes,Apartamento,Messejana,74,3,2,1,835.0,290000.0,3918.92,2025-04-22 14:55:02.480943
6cfe9fe6-5aa0-4db0-b3f0-21bc75685104,Lopes,Casa,Boa Vista,106,3,2,2,0.0,350000.0,3301.89,2025-04-22 14:55:02.480943
b37b7c6e-4dc5-4d4f-94fa-0b09169a3d8c,Lopes,Apartamento,Mondubim,55,3,2,1,307.0,370000.0,6727.27,2025-04-22 14:55:02.480943
842f2642-79a5-48b0-a4fc-a762489f660b,Lopes,Apartamento,Meireles,319,3,4,5,3600.0,2990000.0,9373.04,2025-04-22 14:55:02.480943
87a96ee1-0b2a-4ec8-8fcf-2398c62a0e6b,Lopes,Duplex,Aldeota,60,1,1,1,0.0,920000.0,15333.33,2025-04-22 14:55:02.480943
4854a88a-3959-4ba0-92c7-7566b489e944,Lopes,Apartamento,Jacarecanga,48,2,1,1,450.0,265000.0,5520.83,2025-04-22 14:55:02.480943
16b04e7f-0466-4945-ad7b-e58473bc09cc,Lopes,Apartamento,Meireles,137,4,4,2,1300.0,670000.0,4890.51,2025-04-22 14:55:02.480943
a1fb2f63-5324-436f-928a-f760e02ce7ad,Lopes,Apartamento,Aldeota,176,4,4,2,1730.0,920000.0,5227.27,2025-04-22 14:55:02.480943
122b3bb3-37e5-484f-a63f-ff5a485ae855,Lopes,Apartamento,Paupina,41,2,1,1,346.0,180000.0,4390.24,2025-04-22 14:55:02.480943
d3130265-cbf3-4980-9f89-84d37dd35ea2,Lopes,Apartamento,Meireles,129,4,3,2,1100.0,650000.0,5038.76,2025-04-22 14:55:02.480943
615e7afa-1b66-4ab6-bff4-24e5ef22e3da,Lopes,Apartamento,Cocó,68,3,2,2,769.0,650000.0,9558.82,2025-04-22 14:55:02.480943
ba0ad7ae-f70f-4ccc-b398-c441bf1d0850,Lopes,Apartamento,Cocó,98,3,3,2,804.0,930000.0,9489.8,2025-04-22 14:55:02.480943
3f7bf885-d9fd-4a68-ba51-d54a42b8154a,Lopes,Apartamento,Meireles,312,4,6,4,3400.0,3400000.0,10897.44,2025-04-22 14:55:02.480943
1628381c-fa32-48ba-9126-b11d421e5290,Lopes,Apartamento,Vicente Pinzon,107,3,2,1,850.0,350000.0,3271.03,2025-04-22 14:55:02.480943
82d22a8f-3a26-4d8d-85c8-16c1efb6c07a,Lopes,Apartamento,Centro,55,2,2,1,494.0,430000.0,7818.18,2025-04-22 14:55:02.480943
0f716757-561c-48a8-a390-26db756bc3fe,Lopes,Casa,Parangaba,255,4,3,2,0.0,500000.0,1960.78,2025-04-22 14:55:02.480943
8f934726-8fa3-49e0-a14b-fb56f04af6cc,Lopes,Apartamento,Meireles,60,2,2,1,650.0,1500000.0,25000.0,2025-04-22 14:55:02.480943
3bb90826-aa40-49bd-b8fd-751c6f368b25,Lopes,Apartamento,Damas,86,4,3,2,350.0,270000.0,3139.54,2025-04-22 14:55:02.480943
468c30da-cf83-4ae1-9249-f2910ec946e7,Lopes,Apartamento,Aldeota,90,3,3,2,1000.0,875000.0,9722.22,2025-04-22 14:55:02.480943
1f4a42f5-754c-4990-9d5f-42bd7c469ca7,Lopes,Apartamento,Jardim América,77,3,2,1,0.0,350000.0,4545.46,2025-04-22 14:55:02.480943
c665caba-125c-41ee-b950-562b5bbbb014,Lopes,Apartamento,Jangurussu,59,2,2,1,220.0,210000.0,3559.32,2025-04-22 14:55:02.480943
f9d59587-a438-4a68-905e-ddb1f5582ec8,Lopes,Apartamento,Edson Queiroz,54,2,2,1,400.0,500000.0,9259.26,2025-04-22 14:55:02.480943
7e6b5d9e-2e5d-4f28-9cda-fdead2fea94a,Lopes,Apartamento,Meireles,127,3,3,1,710.0,270000.0,2125.98,2025-04-22 14:55:02.480943
91948468-7820-444b-9c17-febac82715de,Lopes,Apartamento,Papicu,114,3,2,1,751.0,440000.0,3859.65,2025-04-22 14:55:02.480943
5179d182-2e79-45a1-8cc7-ad2079a9f419,Lopes,Apartamento,Papicu,117,3,3,1,738.0,590000.0,5042.74,2025-04-22 14:55:02.480943
2ef91e3a-ea73-4890-bb73-645d3ea4365e,Lopes,Apartamento,Fátima,115,3,3,1,990.0,350000.0,3043.48,2025-04-22 14:55:02.480943
761eaf13-6aa4-46b2-9171-cfa12a55d679,Lopes,Apartamento,Meireles,123,2,2,2,1200.0,580000.0,4715.45,2025-04-22 14:55:02.480943
ca6803ae-2622-4de4-b036-ed9089fc6ead,Lopes,Apartamento,Papicu,78,2,3,2,680.0,290000.0,3717.95,2025-04-22 14:55:02.480943
8a018712-d4c3-4d45-bdc1-e2b3039c7ace,Lopes,Casa,São Gerardo,396,3,3,8,0.0,899000.0,2270.2,2025-04-22 14:55:02.480943
9566a0fc-ab3a-4eb4-bc81-5c11b83e8162,Lopes,Casa,Parque Manibura,280,3,3,4,0.0,900000.0,3214.29,2025-04-22 14:55:02.480943
7df532ec-b6f1-4ce2-83b8-e2e7eaecc6d1,Lopes,Casa,Edson Queiroz,180,3,4,3,0.0,550000.0,3055.56,2025-04-22 14:55:02.480943
8dadfb99-fcf4-4c9d-a39b-6b0e29de2ef3,Lopes,Apartamento,Praia do Futuro,134,3,3,1,650.0,236000.0,1761.19,2025-04-22 14:55:02.480943
2db3a2f1-8b3b-493d-a852-096c83aa6db6,Lopes,Casa,Fátima,239,8,8,7,0.0,1800000.0,7531.38,2025-04-22 14:55:02.480943
add683b0-b982-40fe-82fe-9f8399425dc5,Lopes,Condomínio,Maraponga,141,4,4,1,380.0,590000.0,4184.4,2025-04-22 14:55:02.480943
b379f9da-a295-4e1c-9c71-e3ffa5c6963b,Lopes,Casa,Vila União,324,5,3,6,0.0,750000.0,2314.82,2025-04-22 14:55:02.480943
b0525929-d14c-441d-a0df-d4ac8dd96343,Lopes,Casa,Benfica,301,3,4,3,0.0,350000.0,1162.79,2025-04-22 14:55:02.480943
1281d997-3e51-4a94-919d-94315121c354,Lopes,Apartamento,Joaquim Távora,110,3,4,4,0.0,916897.0,8335.43,2025-04-22 14:55:02.480943
8b40daf2-84b7-4276-abcf-27df54699006,Lopes,Apartamento,de Lourdes,61,2,2,2,500.0,489000.0,8016.39,2025-04-22 14:55:02.480943
3990d4ee-2b88-4131-a3fa-1e1c944b52ce,Lopes,Apartamento,Joaquim Távora,78,3,3,2,0.0,954660.0,12239.23,2025-04-22 14:55:02.480943
1e4f0b05-66e5-4d8e-9f17-aa9c2708249b,Lopes,Salas,Aldeota,36,1,1,0,851.0,890000.0,24722.22,2025-04-22 14:55:02.480943
ca7836b1-f505-42f9-adb8-397f0472bb37,Lopes,Sobrado,Lagoa Redonda,4035,4,5,10,0.0,850000.0,210.66,2025-04-22 14:55:02.480943
c04d8d69-3c32-4162-bb4a-9df561ae39a8,Lopes,Casa,São Bento,162,3,3,3,0.0,370000.0,2283.95,2025-04-22 14:55:02.480943
396763a6-6666-4f16-8bc3-aca0c19a2dea,Lopes,Apartamento,Aldeota,38,1,1,1,0.0,650000.0,17105.26,2025-04-22 14:55:02.480943
779dcd17-c01b-4dc8-b795-542fa0f40456,Lopes,Terreno,de Lourdes,390,6,7,4,0.0,2450000.0,6282.05,2025-04-22 14:55:02.480943
d71bf349-9255-4e11-85de-775c63e197a2,Lopes,Casa,São Bento,200,3,3,2,0.0,385000.0,1925.0,2025-04-22 14:55:02.480943
54385ee3-d617-4221-9322-cb6937c1fed8,Lopes,Casa,Pici,194,3,3,1,0.0,650000.0,3350.52,2025-04-22 14:55:02.480943
cc8337b7-2995-43ce-b8f2-3ffdd78e9455,Lopes,Apartamento,Manoel Dias Branco,116,4,3,2,994.0,1450000.0,12500.0,2025-04-22 14:55:02.480943
83676d88-4494-4c65-9b06-17540ea160ce,Lopes,Condomínio,Manoel Dias Branco,137,3,4,3,700.0,480000.0,3503.65,2025-04-22 14:55:02.480943
0308c74a-59f3-4a3b-9932-a7e3e56f7700,Lopes,Apartamento,Damas,80,3,2,1,510.0,250000.0,3125.0,2025-04-22 14:55:02.480943
1c9e29c9-c65d-4dac-9a4f-eb59a270c24e,Lopes,Apartamento,Dionisio Torres,50,2,2,1,522.0,700000.0,14000.0,2025-04-22 14:55:02.480943
0f027366-3a22-4c14-99bd-c49f02f85f92,Lopes,Casa,Sapiranga,360,3,3,6,0.0,450000.0,1250.0,2025-04-22 14:55:02.480943
ced2b912-7b43-4310-b475-798876456c01,Lopes,Casa,Damas,1140,4,5,5,0.0,1450000.0,1271.93,2025-04-22 14:55:02.480943
1e9a1fe9-5fe3-4ee5-9a95-47a6ae8f933c,Lopes,Salas,Meireles,36,1,1,0,695.0,540000.0,15000.0,2025-04-22 14:55:02.480943
656b5f5d-4bc9-4c33-bae5-a69d09c78c82,Lopes,Casa,Vicente Pinzon,435,6,8,4,0.0,1350000.0,3103.45,2025-04-22 14:55:02.480943
4d89ad8b-15ba-4bd5-8a5a-87b9b7b99ba0,Lopes,Apartamento,Antônio Bezerra,107,3,2,2,350.0,300000.0,2803.74,2025-04-22 14:55:02.480943
a827d290-a2c2-44bc-b57a-03413feccf47,Lopes,Casa,Vila União,250,4,3,4,0.0,495000.0,1980.0,2025-04-22 14:55:02.480943
1b6d478a-fa4a-4ba9-a225-dccd3a0d1fa8,Lopes,Apartamento,Paupina,48,3,1,1,350.0,190000.0,3958.33,2025-04-22 14:55:02.480943
e7f70a41-6f4a-4930-9756-086b6750b172,Lopes,Apartamento,Aldeota,123,3,2,1,398.0,450000.0,3658.54,2025-04-22 14:55:02.480943
3e8b5d63-30a1-47dc-ac90-93bf0072f07d,Lopes,Casa,Cocó,300,3,4,5,0.0,840000.0,2800.0,2025-04-22 14:55:02.480943
911b9f5e-fd4b-4b97-a01f-13cfb06d6f43,Lopes,Apartamento,Fátima,109,3,3,1,738.0,230000.0,2110.09,2025-04-22 14:55:02.480943
45d88805-f328-4d41-a32f-a140243fea3b,Lopes,Galpão,Passaré,1752,1,5,0,0.0,2800000.0,1598.17,2025-04-22 14:55:02.480943
27828a53-1b87-45be-b8b1-c7e431465f57,Lopes,Apartamento,Aldeota,39,1,1,1,0.0,445000.0,11410.26,2025-04-22 14:55:02.480943
96dd56cf-7777-4a30-837e-3bc836848f74,Lopes,Condomínio,Praia do Futuro,280,3,3,4,0.0,4300000.0,15357.14,2025-04-22 14:55:02.480943
637eecf4-285e-485d-9f0e-c6dee799d0af,Lopes,Casa,Itaperi,136,6,2,2,0.0,370000.0,2720.59,2025-04-22 14:55:02.480943
6b9d0108-1272-4f2e-913b-328c0de751d8,Lopes,Casa,Benfica,117,2,2,0,0.0,395000.0,3376.07,2025-04-22 14:55:02.480943
6eff780b-c2ef-4fe3-9fbe-d89c8c381ad6,Lopes,Apartamento,Mucuripe,69,2,2,1,690.0,495000.0,7173.91,2025-04-22 14:55:02.480943
beeb2431-560d-48bf-86ad-aa365862b417,Lopes,Apartamento,Mucuripe,147,3,4,2,1250.0,830000.0,5646.26,2025-04-22 14:55:02.480943
d397d4c3-e1a9-4c79-8a5e-b37acdafbd03,Lopes,Apartamento,Meireles,193,3,4,2,1400.0,800000.0,4145.08,2025-04-22 14:55:02.480943
4324613a-df59-4ae0-85aa-c0d17d065aa8,Lopes,Apartamento,Monte Castelo,94,3,3,1,590.0,260000.0,2765.96,2025-04-22 14:55:02.480943
5a6a02a7-1700-491e-af28-b2ddc6f86472,Lopes,Apartamento,Meireles,57,2,2,1,0.0,1180000.0,20701.75,2025-04-22 14:55:02.480943
e2a32d2b-007b-4d6f-800e-ba044f42acba,Lopes,Apartamento,Meireles,192,3,2,2,1500.0,800000.0,4166.67,2025-04-22 14:55:02.480943
